{"cameraMode":{"drawMode":0,"name":"Shaded","section":"Shading Mode"},"sceneLighting":false,"audioPlay":false,"sceneViewState":{"showFog":true,"showMaterialUpdate":false,"showSkybox":true,"showFlares":true,"showImageEffects":true,"showParticleSystems":true},"in2DMode":false,"pivot":{"x":0.2698165774345398,"y":-0.11364671587944031,"z":-0.0736839696764946},"rotation":{"x":0.032085392624139789,"y":-0.9207480549812317,"z":0.07752568274736405,"w":0.38106048107147219},"size":3.7270495891571047,"orthographic":false}