{"cameraMode":{"drawMode":0,"name":"Shaded","section":"Shading Mode"},"sceneLighting":false,"audioPlay":false,"sceneViewState":{"showFog":true,"showMaterialUpdate":false,"showSkybox":true,"showFlares":true,"showImageEffects":true,"showParticleSystems":true},"in2DMode":false,"pivot":{"x":2.0,"y":2.2339553833007814,"z":-1.6572123765945435},"rotation":{"x":0.2557114064693451,"y":0.5461467504501343,"z":-0.17994502186775208,"w":0.7771884202957153},"size":4.381443500518799,"orthographic":false}