{"cameraMode":{"drawMode":3,"name":"Shadow Cascades","section":"Miscellaneous"},"sceneLighting":true,"audioPlay":false,"sceneViewState":{"showFog":true,"showMaterialUpdate":false,"showSkybox":true,"showFlares":true,"showImageEffects":true,"showParticleSystems":true},"in2DMode":false,"pivot":{"x":2.180983066558838,"y":0.09926235675811768,"z":-0.2032061517238617},"rotation":{"x":0.4212886095046997,"y":-0.16270604729652406,"z":0.07675179094076157,"w":0.8889594674110413},"size":2.491353988647461,"orthographic":false}