{"cameraMode":{"drawMode":0,"name":"Shaded","section":"Shading Mode"},"sceneLighting":false,"audioPlay":false,"sceneViewState":{"showFog":true,"showMaterialUpdate":false,"showSkybox":true,"showFlares":true,"showImageEffects":true,"showParticleSystems":true},"in2DMode":false,"pivot":{"x":-2.032682180404663,"y":-1.559250831604004,"z":7.154757499694824},"rotation":{"x":0.20988261699676515,"y":0.02108141966164112,"z":-0.004792801104485989,"w":0.9775294065475464},"size":503.6841125488281,"orthographic":false}