{"cameraMode":{"drawMode":0,"name":"Shaded","section":"Shading Mode"},"sceneLighting":false,"audioPlay":false,"sceneViewState":{"showFog":true,"showMaterialUpdate":false,"showSkybox":true,"showFlares":true,"showImageEffects":true,"showParticleSystems":true},"in2DMode":false,"pivot":{"x":-1.1920928955078126e-7,"y":0.846382737159729,"z":-0.0539303719997406},"rotation":{"x":0.06582442671060562,"y":-0.22202150523662568,"z":0.014739828184247017,"w":0.9727537631988525},"size":18.306930541992189,"orthographic":false}