{"cameraMode":{"drawMode":0,"name":"Shaded","section":"Shading Mode"},"sceneLighting":false,"audioPlay":false,"sceneViewState":{"showFog":true,"showMaterialUpdate":false,"showSkybox":true,"showFlares":true,"showImageEffects":true,"showParticleSystems":true},"in2DMode":false,"pivot":{"x":0.2698165774345398,"y":-0.11364671587944031,"z":-0.0736839696764946},"rotation":{"x":0.28110429644584658,"y":-0.23252172768115998,"z":0.07040442526340485,"w":0.9284292459487915},"size":9.42705249786377,"orthographic":false}